dating,2.921928
dating,3.169925
dating,3.251629
dating,3.712319
dating,2.75
dating,2.155639
dating,2.725481
dating,3
dating,2.617492
dating,2.855389
dating,2.947703
dating,3.121928
dating,3.378783
dating,3
dating,3.169925
dating,2.405639
dating,2.947703
dating,3
dating,3.277613
dating,2.321928
dating,2.725481
dating,3.584963
dating,2.75
dating,2.725481
dating,2.947703
dating,2.222192
dating,2.646439
dating,2.75
dating,2.321928
dating,2.947703
dating,3.169925
dating,2.721928
dating,3.169925
dating,2.75
dating,2.5
dating,3.251629
dating,2.807355
dating,2.75
dating,3.321928
dating,3.70044
dating,2.321928
dating,3.418296
dating,2.75
dating,3.169925
dating,2.947703
dating,2.521641
dating,3
dating,2.235926
dating,2.405639
dating,2.725481
dating,2.807355
dating,2.75
dating,3.418296
dating,2.947703
dating,2.947703
dating,2.807355
dating,2.75
dating,3.238901
dating,3
dating,2.947703
dating,2.418296
dating,2.947703
dating,3.121928
dating,3
dating,2.646439
dating,2.5
dating,3.095795
dating,3.169925
dating,2.75
dating,3.459432
dating,3.121928
dating,3
dating,2.521641
dating,2.75
dating,3.121928
dating,2.921928
dating,3.418296
dating,3.321928
dating,2.921928
dating,3.022055
dating,3.121928
dating,3.027169
dating,2.921928
dating,3.251629
dating,2.75
dating,3.169925
dating,3
dating,3.121928
dating,3.084963
dating,2.921928
dating,2.419382
dating,2.947703
dating,2.921928
dating,2.725481
dating,2.807355
dating,2.845351
dating,2.947703
dating,3.169925
dating,3.027169
dating,3
dating,3.169925
dating,2.947703
dating,3.121928
dating,2.663533
dating,3.022055
dating,3.238901
dating,3.649397
dating,3.459432
dating,3.277613
dating,2.75
dating,1.918296
dating,3.095795
dating,3.321928
dating,2.721928
dating,3.418296
dating,2.550341
dating,2.75
dating,3.169925
dating,3.121928
dating,3.251629
dating,3.546594
dating,2.921928
dating,2.75
dating,2.947703
dating,2.5
dating,2.921928
dating,3.678439
dating,3.085055
dating,3.392747
dating,3
dating,3.121928
dating,3.026987
dating,3.418296
dating,3.121928
dating,2.446439
dating,3.027169
dating,2.663533
dating,3.521641
dating,3.095795
dating,3.324863
dating,3.454041
dating,2.921928
dating,3
dating,2.75
dating,3.459432
dating,2.5
dating,2.25
dating,3.121928
dating,3.378783
dating,2.807355
dating,3.121928
dating,3
dating,3.418296
dating,3.169925
dating,2.947703
dating,2.405639
dating,2.641604
dating,2.947703
dating,2.521641
dating,3.169925
dating,3.459432
dating,2.921928
dating,2.75
dating,2.947703
dating,3.095795
dating,2.75
dating,3.121928
dating,2.921928
dating,3.418296
