gaming,3.121928
gaming,3.121928
gaming,2.921928
gaming,3.121928
gaming,2.75
gaming,3.121928
gaming,3.121928
gaming,3.321928
gaming,3.392747
gaming,2.921928
gaming,3.321928
gaming,3.321928
gaming,3.321928
gaming,3.121928
gaming,3.188722
gaming,2.921928
gaming,2.721928
gaming,2.921928
gaming,3.321928
gaming,2.921928
gaming,3.321928
gaming,3.121928
gaming,3.121928
gaming,3.321928
gaming,3.121928
gaming,2.921928
gaming,3.121928
gaming,3.121928
gaming,3.321928
gaming,2.921928
gaming,3.321928
gaming,3.321928
gaming,3.121928
gaming,3.121928
gaming,3.321928
gaming,2.725481
gaming,2.721928
gaming,3.321928
gaming,3.321928
gaming,3.121928
gaming,2.921928
gaming,3.121928
gaming,3.321928
gaming,3
gaming,2.75
gaming,3.121928
gaming,3.321928
gaming,3.321928
gaming,3.321928
gaming,2.521641
gaming,3.121928
gaming,3.321928
gaming,3.121928
gaming,3.121928
gaming,3.022055
gaming,2.921928
gaming,3.321928
gaming,3.121928
gaming,3.121928
gaming,3.121928
gaming,3.121928
gaming,3.121928
gaming,2.584963
gaming,3.321928
gaming,2.846439
gaming,3.121928
gaming,3.121928
gaming,1.905639
gaming,3.321928
gaming,3.121928
gaming,2.25
gaming,1.405639
gaming,2.921928
gaming,2
gaming,3.121928
gaming,3.321928
gaming,2.921928
gaming,3.121928
gaming,2.807355
gaming,2.5
gaming,3.121928
gaming,3.321928
gaming,2.235926
gaming,3.121928
gaming,2.75
gaming,3.321928
gaming,2.846439
gaming,2.646439
gaming,3.321928
gaming,3.121928
gaming,3.121928
gaming,3.321928
gaming,3.121928
gaming,3.121928
gaming,3.321928
gaming,3.321928
gaming,3.121928
gaming,3.321928
gaming,2.321928
gaming,3.321928
gaming,2.846439
gaming,3.121928
gaming,2.947703
gaming,3.121928
gaming,3.121928
gaming,3.321928
gaming,3.321928
gaming,2.370951
gaming,2.921928
gaming,3.121928
gaming,2.646439
gaming,3.121928
gaming,3.321928
gaming,3.121928
gaming,3.321928
gaming,3.121928
gaming,3.321928
gaming,2.846439
gaming,3.121928
gaming,3.121928
gaming,3.121928
gaming,2.921928
gaming,2.913977
gaming,2.921928
gaming,3.321928
gaming,3.459432
gaming,2.646439
gaming,3.121928
gaming,2.921928
gaming,3.121928
gaming,3.321928
gaming,3.121928
gaming,2.807355
gaming,3.321928
gaming,3.121928
gaming,2.921928
gaming,3.321928
gaming,2.921928
gaming,3.121928
gaming,3.121928
gaming,3.121928
gaming,3.321928
gaming,3.321928
gaming,2.921928
gaming,3.321928
gaming,3.121928
